Activo,A_0
a_14,0.0081569956
a_17,0.01087859
a_18,0.030182671
a_21,0.020681526
a_24,0.022568186
a_27,0.059608035
a_29,0.093587046
a_32,0.01868545
a_37,0.14220092
a_38,0.020175876
a_40,0.0015862466
a_53,0.044921028
a_56,0.038684022
a_57,0.025334993
a_62,0.10131237
a_70,0.030473403
a_80,0.05740574
a_86,0.096529049
a_92,0.16454119
a_95,0.012486661
